time,rssi,distance
118988,-56,25
121003,-56,25
122024,-56,25
111897,-57,25
65472,-58,25
85623,-58,25
102804,-58,25
103812,-58,25
123031,-58,25
66479,-59,25
112918,-59,25
126066,-59,25
81593,-60,25
82601,-60,25
92704,-60,25
93725,-60,25
99769,-60,25
106847,-60,25
113938,-60,25
125059,-60,25
84616,-61,25
101797,-61,25
114945,-61,25
70510,-62,25
80585,-62,25
83608,-62,25
95740,-62,25
105827,-62,25
115953,-62,25
91683,-63,25
107868,-63,25
71518,-64,25
89653,-64,25
94732,-64,25
96748,-64,25
97755,-64,25
108875,-64,25
116974,-64,25
117980,-64,25
119996,-64,25
88646,-65,25
90660,-65,25
87638,-66,25
98762,-66,25
69502,-67,25
104820,-68,25
72525,-69,25
86631,-69,25
78570,-70,25
109883,-70,25
110890,-70,25
79578,-71,25
73533,-73,25
74540,-74,25
124051,-74,25
68495,-75,25
75548,-76,25
77563,-76,25
67488,-78,25
100790,-82,25
76555,-90,25
174666,-58,50
198899,-58,50
156453,-60,50
165574,-60,50
170624,-60,50
175674,-60,50
193862,-60,50
213054,-60,50
224163,-60,50
155445,-61,50
179718,-61,50
183761,-61,50
189832,-61,50
158482,-62,50
161530,-62,50
163545,-62,50
164566,-62,50
168596,-62,50
172639,-62,50
173659,-62,50
180739,-62,50
184782,-62,50
190839,-62,50
191847,-62,50
192854,-62,50
194869,-62,50
200928,-62,50
223155,-62,50
162538,-63,50
167589,-63,50
171631,-63,50
187804,-63,50
188824,-63,50
202969,-63,50
203976,-63,50
212048,-63,50
214062,-63,50
218105,-63,50
159490,-64,50
169603,-64,50
178695,-64,50
181746,-64,50
182754,-64,50
186797,-64,50
195877,-64,50
199907,-64,50
201948,-64,50
210033,-64,50
166582,-65,50
176681,-65,50
177689,-65,50
185789,-65,50
206003,-65,50
211040,-65,50
221127,-65,50
160511,-66,50
196884,-66,50
197892,-66,50
204983,-66,50
207011,-66,50
208017,-66,50
209025,-66,50
215083,-66,50
216090,-66,50
217097,-66,50
219112,-66,50
220119,-66,50
222134,-66,50
157475,-69,50
269704,-64,75
271731,-64,75
279857,-64,75
280878,-64,75
266670,-65,75
278849,-65,75
270724,-66,75
274766,-66,75
277829,-66,75
281897,-66,75
282918,-66,75
285966,-66,75
286987,-66,75
290023,-66,75
293071,-66,75
295106,-66,75
297135,-66,75
299163,-66,75
306266,-66,75
309289,-66,75
310309,-66,75
313358,-66,75
316393,-66,75
322492,-66,75
267677,-67,75
268697,-67,75
294092,-67,75
296112,-67,75
312350,-67,75
317415,-67,75
272738,-68,75
273747,-68,75
287995,-68,75
289002,-68,75
291030,-68,75
292051,-68,75
298143,-68,75
302211,-68,75
305259,-68,75
311330,-68,75
314365,-68,75
318434,-68,75
319442,-68,75
321470,-68,75
284947,-69,75
301204,-69,75
303232,-69,75
307274,-69,75
300183,-70,75
304239,-70,75
308282,-70,75
315385,-70,75
320450,-70,75
283926,-72,75
275786,-74,75
276808,-80,75
350831,-65,100
359900,-66,100
364962,-66,100
369030,-66,100
371070,-66,100
373099,-66,100
375127,-66,100
380177,-66,100
384233,-66,100
390303,-66,100
395393,-66,100
401476,-66,100
402483,-66,100
405532,-66,100
413655,-66,100
351838,-67,100
353855,-67,100
355870,-67,100
386261,-67,100
397421,-67,100
399448,-67,100
400456,-67,100
408580,-67,100
414662,-67,100
352847,-68,100
378149,-68,100
382205,-68,100
393352,-68,100
409600,-68,100
412648,-68,100
357886,-69,100
360920,-69,100
367003,-69,100
381197,-69,100
389283,-69,100
403491,-69,100
406553,-69,100
411628,-69,100
361928,-70,100
362934,-70,100
363955,-70,100
370051,-70,100
372091,-70,100
374106,-70,100
376134,-70,100
377142,-70,100
383225,-70,100
391323,-70,100
392331,-70,100
396400,-70,100
404512,-70,100
354863,-71,100
356878,-71,100
358892,-71,100
365982,-71,100
385254,-71,100
407560,-71,100
368023,-72,100
379156,-72,100
387268,-72,100
388275,-72,100
410608,-72,100
394371,-73,100
398441,-77,100
452161,-61,125
486612,-64,125
428844,-65,125
482569,-65,125
485592,-65,125
492671,-65,125
429851,-66,125
432916,-66,125
442047,-66,125
460276,-66,125
471383,-66,125
438005,-67,125
444074,-67,125
445095,-67,125
454189,-67,125
455210,-67,125
463311,-67,125
468348,-67,125
474445,-67,125
484584,-67,125
431893,-68,125
435964,-68,125
439012,-68,125
441040,-68,125
443054,-68,125
446103,-68,125
447111,-68,125
450133,-68,125
457253,-68,125
465326,-68,125
466333,-68,125
476484,-68,125
479520,-68,125
481561,-68,125
489635,-68,125
490642,-68,125
491664,-68,125
433922,-69,125
440032,-69,125
451154,-69,125
462304,-69,125
470377,-69,125
473424,-69,125
488627,-69,125
459268,-70,125
469369,-70,125
448117,-71,125
449125,-71,125
478512,-71,125
430871,-72,125
434943,-72,125
483577,-72,125
475464,-74,125
464319,-75,125
436985,-76,125
461284,-76,125
477492,-76,125
487620,-76,125
456230,-78,125
458261,-78,125
467341,-78,125
453169,-87,125
472403,-88,125
480541,-88,125
525117,-60,150
527133,-62,150
530154,-62,150
535192,-62,150
544338,-62,150
549400,-62,150
554465,-62,150
564579,-62,150
567628,-62,150
571672,-62,150
573713,-62,150
575741,-62,150
576748,-62,150
578764,-62,150
579784,-62,150
529147,-63,150
543330,-63,150
548380,-63,150
551415,-63,150
556479,-63,150
559515,-63,150
568650,-63,150
532170,-64,150
540281,-64,150
545358,-64,150
553457,-64,150
563571,-64,150
572693,-64,150
574734,-64,150
524097,-65,150
539274,-65,150
547373,-65,150
555472,-65,150
566608,-65,150
577756,-65,150
580792,-65,150
534184,-66,150
558507,-66,150
569657,-66,150
550408,-67,150
561544,-67,150
520055,-68,150
526125,-68,150
528139,-68,150
582819,-68,150
537233,-69,150
531162,-70,150
542324,-70,150
522069,-71,150
523076,-71,150
518040,-72,150
536213,-74,150
541302,-74,150
562551,-74,150
538254,-75,150
519047,-76,150
546365,-76,150
552437,-76,150
560522,-76,150
565601,-76,150
581811,-77,150
521062,-78,150
533177,-78,150
557487,-78,150
570665,-78,150
608170,-66,175
616268,-66,175
620349,-66,175
622391,-66,175
627455,-66,175
629469,-66,175
631485,-66,175
636576,-66,175
638620,-66,175
645739,-66,175
648775,-66,175
659883,-66,175
663927,-66,175
668991,-66,175
613246,-67,175
617288,-67,175
619329,-67,175
623397,-67,175
624419,-67,175
635569,-67,175
637597,-67,175
644731,-67,175
652804,-67,175
653812,-67,175
665955,-67,175
666962,-67,175
610197,-68,175
612224,-68,175
614253,-68,175
615261,-68,175
618309,-68,175
626448,-68,175
640647,-68,175
641669,-68,175
643710,-68,175
646759,-68,175
647767,-68,175
650790,-68,175
651797,-68,175
654820,-68,175
655840,-68,175
657855,-68,175
658875,-68,175
661898,-68,175
662919,-68,175
664948,-68,175
625427,-69,175
634548,-69,175
606143,-70,175
611205,-70,175
621370,-70,175
628463,-70,175
633526,-70,175
639627,-70,175
605122,-72,175
607163,-72,175
630477,-72,175
632506,-72,175
656847,-72,175
660891,-72,175
671021,-72,175
649782,-73,175
642690,-74,175
669998,-74,175
667970,-75,175
609189,-77,175
694324,-66,200
693317,-67,200
699375,-67,200
695332,-68,200
700396,-68,200
715612,-68,200
734819,-68,200
751006,-68,200
697346,-70,200
698354,-70,200
753021,-70,200
754028,-70,200
756056,-70,200
752013,-71,200
708494,-72,200
716620,-72,200
717640,-72,200
718648,-72,200
742907,-72,200
719669,-73,200
728762,-73,200
696340,-74,200
704439,-74,200
706467,-74,200
727754,-74,200
729770,-74,200
730776,-74,200
732805,-74,200
733813,-74,200
738862,-74,200
739884,-74,200
740892,-74,200
749985,-74,200
755047,-74,200
707475,-75,200
724719,-75,200
726747,-75,200
731797,-75,200
741900,-75,200
743914,-75,200
748965,-75,200
701417,-76,200
705446,-76,200
709515,-76,200
737855,-76,200
757063,-77,200
702424,-78,200
714591,-78,200
720676,-78,200
723711,-78,200
744922,-78,200
710536,-79,200
703431,-80,200
721684,-80,200
722692,-80,200
745929,-80,200
712551,-82,200
725740,-82,200
711543,-83,200
713571,-84,200
747957,-85,200
736847,-87,200
746937,-91,200
735840,-94,200
810777,-64,250
814834,-64,250
819899,-64,250
828993,-64,250
848224,-64,250
850266,-64,250
854309,-64,250
855328,-64,250
858364,-64,250
861400,-64,250
862407,-64,250
866463,-64,250
869484,-64,250
815842,-65,250
816862,-65,250
820906,-65,250
823942,-65,250
826978,-65,250
827985,-65,250
831008,-65,250
840127,-65,250
843162,-65,250
859371,-65,250
864435,-65,250
870504,-65,250
811785,-66,250
818878,-66,250
821927,-66,250
822935,-66,250
824950,-66,250
825957,-66,250
830000,-66,250
832028,-66,250
833048,-66,250
838099,-66,250
839106,-66,250
845201,-66,250
846209,-66,250
847217,-66,250
856336,-66,250
857344,-66,250
865455,-66,250
867469,-66,250
868477,-66,250
872520,-66,250
812792,-67,250
835064,-67,250
809769,-68,250
813814,-68,250
817870,-68,250
837091,-68,250
842155,-68,250
844182,-68,250
851274,-68,250
852281,-68,250
853288,-68,250
860392,-68,250
873527,-68,250
834056,-69,250
836084,-69,250
849245,-69,250
863414,-69,250
871512,-69,250
841147,-71,250
972855,-65,300
961734,-66,300
964769,-66,300
942497,-67,300
953619,-67,300
975890,-67,300
930353,-68,300
934397,-68,300
945545,-68,300
956668,-68,300
958697,-68,300
980951,-68,300
927306,-69,300
928326,-69,300
937433,-69,300
939461,-69,300
940469,-69,300
948568,-69,300
950583,-69,300
951590,-69,300
931362,-70,300
935405,-70,300
938454,-70,300
949575,-70,300
957689,-70,300
978924,-70,300
981959,-70,300
929346,-71,300
941477,-71,300
946552,-71,300
965777,-71,300
967804,-71,300
976896,-71,300
977904,-71,300
982980,-71,300
932370,-72,300
933390,-72,300
936412,-72,300
943517,-72,300
952598,-72,300
954641,-72,300
959704,-72,300
963762,-72,300
968812,-72,300
970839,-72,300
971847,-72,300
947560,-73,300
962740,-73,300
973875,-73,300
979945,-73,300
944538,-74,300
955661,-74,300
960726,-74,300
969819,-76,300
966783,-77,300
974882,-86,300
1220068,-65,350
1218040,-66,350
1231243,-66,350
1255629,-66,350
1258678,-66,350
1266778,-66,350
1234290,-67,350
1235311,-67,350
1267799,-67,350
1221089,-68,350
1223116,-68,350
1227185,-68,350
1243449,-68,350
1247505,-68,350
1254608,-68,350
1262708,-68,350
1232263,-69,350
1249533,-69,350
1263716,-69,350
1273896,-69,350
1277951,-69,350
1224137,-70,350
1226165,-70,350
1246485,-70,350
1250541,-70,350
1251548,-70,350
1253588,-70,350
1265757,-70,350
1271868,-70,350
1274916,-70,350
1222096,-71,350
1236331,-71,350
1242441,-71,350
1259686,-71,350
1278972,-71,350
1230220,-72,350
1248525,-72,350
1269839,-72,350
1275924,-72,350
1241421,-73,350
1219060,-74,350
1237351,-74,350
1238359,-74,350
1240399,-74,350
1270847,-74,350
1233270,-75,350
1257671,-75,350
1279992,-75,350
1225158,-76,350
1245463,-76,350
1260694,-76,350
1264737,-76,350
1268818,-76,350
1272888,-76,350
1276931,-76,350
1282021,-76,350
1228193,-77,350
1239378,-78,350
1244456,-78,350
1261701,-79,350
1252568,-81,350
1229201,-82,350
1281013,-83,350
1256650,-86,350
1283029,-92,350
1321537,-72,400
1325566,-72,400
1340755,-72,400
1303298,-73,400
1317481,-73,400
1296206,-74,400
1311398,-74,400
1319497,-74,400
1351864,-74,400
1352885,-74,400
1328614,-75,400
1336712,-75,400
1345806,-75,400
1294179,-76,400
1295199,-76,400
1297213,-76,400
1306347,-76,400
1314433,-76,400
1342769,-76,400
1346813,-76,400
1347821,-76,400
1350857,-76,400
1354913,-76,400
1301270,-77,400
1320516,-77,400
1329622,-77,400
1331637,-77,400
1300248,-78,400
1305327,-78,400
1308363,-78,400
1309382,-78,400
1310390,-78,400
1312405,-78,400
1323552,-78,400
1324560,-78,400
1326586,-78,400
1334684,-78,400
1339747,-78,400
1348842,-78,400
1299242,-79,400
1302291,-79,400
1327594,-79,400
1335692,-80,400
1337720,-80,400
1338727,-80,400
1298234,-81,400
1315453,-81,400
1332657,-81,400
1313426,-82,400
1333665,-82,400
1344798,-82,400
1353905,-82,400
1293171,-83,400
1322545,-83,400
1330629,-83,400
1341762,-83,400
1304306,-85,400
1343790,-86,400
1349849,-86,400
1316461,-87,400
1318488,-87,400
1307355,-94,400
1394439,-69,450
1395460,-72,450
1402552,-72,450
1393432,-74,450
1396468,-74,450
1397489,-74,450
1398508,-74,450
1400524,-74,450
1401544,-74,450
1436027,-74,450
1388368,-75,450
1412693,-75,450
1428932,-75,450
1389376,-76,450
1411685,-76,450
1420792,-76,450
1432990,-76,450
1437034,-76,450
1440083,-76,450
1443131,-76,450
1407630,-77,450
1421812,-77,450
1444150,-77,450
1383279,-78,450
1385320,-78,450
1391403,-78,450
1399516,-78,450
1408638,-78,450
1416735,-78,450
1423851,-78,450
1425895,-78,450
1441103,-78,450
1392411,-79,450
1404595,-79,450
1413700,-79,450
1418764,-79,450
1387349,-80,450
1403573,-80,450
1405602,-80,450
1430961,-80,450
1445172,-80,450
1384299,-81,450
1410677,-81,450
1422832,-81,450
1438042,-81,450
1439063,-81,450
1426903,-82,450
1429940,-82,450
1419784,-83,450
1409658,-84,450
1415715,-84,450
1417743,-84,450
1431983,-84,450
1414708,-85,450
1424873,-85,450
1433998,-86,450
1386328,-87,450
1406610,-88,450
1427923,-88,450
1390396,-90,450
1442110,-92,450
1435006,-94,450
1496921,-72,500
1476663,-73,500
1485810,-73,500
1489853,-73,500
1490861,-73,500
1494891,-73,500
1506041,-73,500
1511119,-73,500
1517216,-73,500
1469571,-74,500
1482775,-74,500
1483782,-74,500
1498949,-74,500
1501998,-74,500
1503006,-74,500
1504013,-74,500
1505020,-74,500
1510111,-74,500
1488846,-75,500
1515176,-75,500
1520252,-75,500
1467531,-76,500
1480734,-76,500
1481754,-76,500
1486817,-76,500
1499970,-76,500
1500990,-76,500
1513148,-76,500
1519244,-76,500
1522279,-76,500
1470579,-77,500
1484790,-77,500
1491869,-77,500
1495899,-77,500
1512140,-77,500
1518237,-77,500
1478703,-78,500
1497942,-78,500
1507063,-78,500
1509091,-78,500
1521258,-78,500
1527354,-78,500
1468550,-79,500
1477683,-79,500
1516196,-79,500
1466511,-81,500
1514156,-81,500
1525326,-81,500
1528373,-81,500
1492877,-82,500
1508070,-82,500
1475642,-83,500
1493883,-83,500
1479711,-84,500
1487825,-84,500
1471598,-85,500
1526347,-85,500
1473613,-86,500
1524307,-86,500
1523299,-87,500
1472607,-90,500
1474635,-94,500
1577094,-72,550
1542624,-73,550
1571025,-73,550
1592296,-73,550
1598393,-73,550
1546692,-74,550
1572033,-74,550
1573040,-74,550
1585204,-74,550
1595344,-74,550
1578102,-75,550
1591275,-75,550
1550773,-76,550
1560913,-76,550
1561920,-76,550
1570018,-76,550
1579110,-76,550
1586212,-76,550
1594324,-76,550
1548733,-78,550
1554829,-78,550
1566970,-78,550
1567977,-78,550
1580130,-78,550
1587233,-78,550
1588253,-78,550
1596365,-78,550
1599412,-78,550
1539563,-79,550
1547712,-79,550
1583177,-79,550
1602473,-79,550
1541603,-80,550
1562927,-80,550
1543643,-81,550
1545672,-81,550
1568998,-81,550
1581137,-81,550
1589260,-81,550
1590268,-81,550
1556856,-82,550
1558883,-82,550
1574047,-82,550
1601453,-82,550
1563934,-83,550
1565948,-83,550
1600432,-83,550
1549753,-84,550
1551794,-84,550
1552800,-86,550
1564942,-86,550
1582156,-86,550
1593316,-86,550
1540583,-88,550
1597385,-88,550
1557865,-90,550
1559905,-90,550
1553808,-91,550
1544665,-92,550
1576074,-92,550
1584198,-92,550
1555836,-94,550
1575067,-94,550
1654306,-78,600
1614664,-80,600
1633986,-80,600
1638043,-80,600
1665454,-80,600
1664447,-81,600
1618732,-82,600
1629904,-82,600
1645162,-82,600
1647202,-82,600
1656346,-82,600
1672558,-82,600
1620761,-83,600
1621769,-83,600
1643133,-83,600
1615685,-84,600
1617725,-84,600
1644153,-84,600
1651257,-84,600
1653286,-84,600
1657353,-84,600
1662432,-84,600
1666463,-84,600
1619740,-85,600
1628884,-85,600
1663439,-85,600
1670530,-85,600
1639063,-86,600
1649229,-86,600
1658362,-86,600
1669510,-86,600
1616705,-87,600
1642112,-87,600
1661412,-87,600
1626857,-88,600
1632966,-88,600
1655326,-88,600
1667482,-88,600
1625837,-89,600
1627877,-89,600
1636014,-89,600
1637022,-89,600
1650250,-89,600
1677624,-89,600
1624816,-90,600
1631946,-90,600
1634994,-90,600
1641092,-90,600
1660391,-90,600
1622789,-91,600
1668490,-91,600
1674587,-91,600
1676616,-91,600
1646181,-92,600
1659370,-92,600
1623809,-93,600
1648210,-93,600
1652265,-93,600
1675608,-93,600
1630925,-94,600
1640084,-94,600
1671551,-94,600
1673580,-94,600
1715195,-72,650
1747669,-73,650
1699954,-74,650
1710104,-74,650
1726354,-74,650
1736521,-74,650
1700961,-75,650
1711125,-75,650
1742605,-75,650
1751712,-75,650
1689803,-76,650
1694879,-76,650
1714174,-76,650
1716215,-76,650
1741597,-76,650
1746661,-76,650
1706037,-77,650
1731431,-77,650
1735514,-77,650
1692838,-78,650
1696919,-78,650
1705017,-78,650
1720271,-78,650
1732453,-78,650
1743613,-78,650
1748676,-78,650
1752732,-78,650
1691819,-79,650
1702988,-79,650
1740577,-79,650
1693858,-80,650
1698933,-80,650
1701969,-80,650
1709098,-80,650
1712132,-80,650
1730411,-80,650
1738549,-80,650
1753752,-80,650
1690811,-81,650
1708078,-81,650
1717223,-81,650
1695899,-82,650
1697926,-82,650
1704009,-82,650
1713153,-82,650
1721278,-82,650
1722299,-82,650
1723307,-82,650
1737541,-82,650
1749696,-82,650
1725334,-83,650
1724327,-84,650
1727376,-84,650
1733474,-84,650
1734494,-84,650
1745653,-84,650
1750704,-84,650
1718229,-85,650
1719249,-85,650
1728383,-85,650
1707057,-86,650
1744633,-87,650
1729390,-90,650
1739557,-93,650
1792327,-75,700
1771037,-76,700
1776089,-76,700
1781166,-76,700
1795388,-76,700
1797403,-76,700
1798423,-76,700
1803486,-76,700
1817733,-76,700
1822783,-76,700
1764951,-78,700
1782187,-78,700
1786256,-78,700
1787263,-78,700
1799444,-78,700
1802479,-78,700
1812644,-78,700
1816725,-78,700
1818753,-78,700
1825818,-78,700
1777111,-79,700
1788271,-79,700
1793347,-79,700
1768002,-80,700
1772045,-80,700
1775081,-80,700
1778118,-80,700
1783207,-80,700
1815705,-80,700
1823791,-80,700
1824799,-80,700
1766980,-81,700
1796395,-81,700
1774073,-82,700
1801472,-82,700
1807556,-82,700
1819761,-82,700
1821775,-82,700
1784227,-83,700
1785247,-83,700
1806534,-83,700
1763944,-84,700
1765959,-84,700
1770016,-84,700
1773066,-84,700
1789278,-84,700
1800464,-84,700
1804506,-84,700
1808575,-84,700
1779126,-85,700
1780146,-86,700
1791319,-86,700
1805513,-86,700
1811623,-86,700
1820768,-86,700
1826826,-86,700
1769010,-87,700
1790298,-87,700
1809596,-87,700
1813665,-90,700
1794368,-92,700
1810615,-93,700
1814685,-94,700
1844019,-78,750
1847053,-78,750
1850102,-78,750
1880555,-78,750
1898783,-78,750
1851123,-79,750
1839963,-80,750
1841991,-80,750
1854173,-80,750
1861291,-80,750
1884610,-80,750
1887647,-80,750
1888667,-80,750
1891704,-80,750
1895746,-81,750
1837934,-82,750
1842998,-82,750
1856201,-82,750
1858244,-82,750
1860270,-82,750
1862298,-82,750
1864314,-82,750
1865322,-82,750
1866343,-82,750
1867364,-82,750
1868371,-82,750
1875491,-82,750
1881576,-82,750
1890683,-82,750
1892712,-82,750
1886626,-83,750
1849096,-84,750
1872427,-84,750
1882596,-84,750
1840984,-85,750
1855180,-85,750
1873448,-85,750
1894738,-85,750
1852131,-86,750
1871407,-86,750
1874469,-86,750
1889675,-86,750
1893719,-86,750
1845027,-87,750
1836927,-88,750
1846034,-88,750
1857221,-88,750
1859263,-88,750
1876499,-88,750
1878528,-88,750
1896769,-88,750
1853151,-90,750
1863307,-90,750
1877506,-90,750
1879547,-90,750
1885618,-90,750
1838955,-91,750
1870399,-91,750
1897776,-91,750
1883603,-92,750
1869378,-93,750
1848074,-94,750
127086,0,
128114,0,
129121,0,
130140,0,
131163,0,
132183,0,
133190,0,
134198,0,
135218,0,
136225,0,
137233,0,
138254,0,
139260,0,
140268,0,
141289,0,
142297,0,
143317,0,
144326,0,
145333,0,
146340,0,
147361,0,
148368,0,
149375,0,
150382,0,
151403,0,
152423,0,
153430,0,
154438,0,
225169,0,
226189,0,
227197,0,
228204,0,
229211,0,
230233,0,
231240,0,
232247,0,
233268,0,
234288,0,
235296,0,
236302,0,
237310,0,
238331,0,
239352,0,
240359,0,
241367,0,
242373,0,
243381,0,
244402,0,
245410,0,
246430,0,
247438,0,
248445,0,
249451,0,
250460,0,
251466,0,
252474,0,
253495,0,
254515,0,
255523,0,
256543,0,
257564,0,
258572,0,
259593,0,
260613,0,
261633,0,
262641,0,
263647,0,
264654,0,
265662,0,
323512,0,
324519,0,
325526,0,
326534,0,
327542,0,
328549,0,
329556,0,
330564,0,
331572,0,
332579,0,
333600,0,
334620,0,
335628,0,
336647,0,
337656,0,
338663,0,
339682,0,
340690,0,
341698,0,
342706,0,
343726,0,
344733,0,
345753,0,
346761,0,
347768,0,
348790,0,
349810,0,
415683,0,
416690,0,
417697,0,
418717,0,
419724,0,
420732,0,
421738,0,
422759,0,
423767,0,
424774,0,
425794,0,
426816,0,
427836,0,
493678,0,
494698,0,
495705,0,
496725,0,
497746,0,
498767,0,
499788,0,
500809,0,
501830,0,
502837,0,
503857,0,
504878,0,
505897,0,
506905,0,
507927,0,
508934,0,
509955,0,
510962,0,
511969,0,
512977,0,
513985,0,
514992,0,
515999,0,
517019,0,
583826,0,
584847,0,
585867,0,
586874,0,
587894,0,
588902,0,
589923,0,
590930,0,
591938,0,
592945,0,
593965,0,
594985,0,
596006,0,
597013,0,
598020,0,
599040,0,
600048,0,
601055,0,
602075,0,
603095,0,
604115,0,
672029,0,
673049,0,
674070,0,
675090,0,
676113,0,
677133,0,
678140,0,
679148,0,
680156,0,
681176,0,
682197,0,
683204,0,
684211,0,
685231,0,
686239,0,
687246,0,
688266,0,
689287,0,
690294,0,
691302,0,
692310,0,
758071,0,
759078,0,
760085,0,
761093,0,
762100,0,
763108,0,
764116,0,
765136,0,
766144,0,
767165,0,
768186,0,
769193,0,
770214,0,
771221,0,
772241,0,
773249,0,
774257,0,
775277,0,
776297,0,
777317,0,
778338,0,
779346,0,
780367,0,
781374,0,
782381,0,
783389,0,
784411,0,
785431,0,
786453,0,
787460,0,
788481,0,
789489,0,
790509,0,
791516,0,
792524,0,
793545,0,
794565,0,
795573,0,
796592,0,
797600,0,
798608,0,
799629,0,
800635,0,
801656,0,
802676,0,
803696,0,
804704,0,
805726,0,
806733,0,
807740,0,
808748,0,
874534,0,
875555,0,
876575,0,
877583,0,
878605,0,
879625,0,
880647,0,
881654,0,
882676,0,
883684,0,
884691,0,
885698,0,
886718,0,
887726,0,
888748,0,
889769,0,
890777,0,
891784,0,
892791,0,
893799,0,
894819,0,
895839,0,
896860,0,
897867,0,
898888,0,
899908,0,
900928,0,
901947,0,
902967,0,
903988,0,
904995,0,
906003,0,
907011,0,
908031,0,
909039,0,
910058,0,
911066,0,
912086,0,
913108,0,
914129,0,
915137,0,
916157,0,
917164,0,
918185,0,
919207,0,
920215,0,
921235,0,
922255,0,
923262,0,
924271,0,
925278,0,
926285,0,
984001,0,
985008,0,
986029,0,
987050,0,
988057,0,
989065,0,
990072,0,
991080,0,
992088,0,
993095,0,
994102,0,
995110,0,
996130,0,
997150,0,
998158,0,
999179,0,
1000186,0,
1001206,0,
1002226,0,
1003247,0,
1004254,0,
1005275,0,
1006296,0,
1007316,0,
1008336,0,
1009343,0,
1010364,0,
1011385,0,
1012392,0,
1013399,0,
1014407,0,
1015427,0,
1016448,0,
1017468,0,
1018475,0,
1019495,0,
1020516,0,
1021523,0,
1022532,0,
1023552,0,
1024573,0,
1025579,0,
1026587,0,
1027608,0,
1028615,0,
1029622,0,
1030643,0,
1031651,0,
1032658,0,
1033679,0,
1034686,0,
1035707,0,
1036728,0,
1037736,0,
1038756,0,
1039763,0,
1040784,0,
1041804,0,
1042812,0,
1043819,0,
1044827,0,
1045834,0,
1046842,0,
1047862,0,
1048883,0,
1049890,0,
1050898,0,
1051906,0,
1052913,0,
1053933,0,
1054952,0,
1055960,0,
1056967,0,
1057975,0,
1058996,0,
1060003,0,
1061024,0,
1062045,0,
1063067,0,
1064075,0,
1065083,0,
1066090,0,
1067110,0,
1068118,0,
1069126,0,
1070146,0,
1071167,0,
1072174,0,
1073182,0,
1074202,0,
1075210,0,
1076230,0,
1077239,0,
1078247,0,
1079268,0,
1080290,0,
1081297,0,
1082304,0,
1083325,0,
1084345,0,
1085365,0,
1086373,0,
1087380,0,
1088388,0,
1089396,0,
1090416,0,
1091424,0,
1092444,0,
1093464,0,
1094485,0,
1095492,0,
1096512,0,
1097532,0,
1098540,0,
1099561,0,
1100567,0,
1101575,0,
1102583,0,
1103590,0,
1104598,0,
1105619,0,
1106639,0,
1107647,0,
1108655,0,
1109662,0,
1110685,0,
1111693,0,
1112700,0,
1113721,0,
1114728,0,
1115736,0,
1116756,0,
1117763,0,
1118771,0,
1119778,0,
1120786,0,
1121806,0,
1122813,0,
1123821,0,
1124828,0,
1125848,0,
1126855,0,
1127863,0,
1128885,0,
1129893,0,
1130901,0,
1131907,0,
1132915,0,
1133923,0,
1134943,0,
1135950,0,
1136958,0,
1137979,0,
1138998,0,
1140021,0,
1141029,0,
1142036,0,
1143058,0,
1144079,0,
1145099,0,
1146119,0,
1147140,0,
1148161,0,
1149183,0,
1150190,0,
1151197,0,
1152219,0,
1153239,0,
1154246,0,
1155253,0,
1156261,0,
1157269,0,
1158288,0,
1159309,0,
1160329,0,
1161351,0,
1162358,0,
1163366,0,
1164387,0,
1165394,0,
1166415,0,
1167422,0,
1168430,0,
1169438,0,
1170445,0,
1171452,0,
1172473,0,
1173493,0,
1174501,0,
1175521,0,
1176540,0,
1177548,0,
1178569,0,
1179576,0,
1180584,0,
1181604,0,
1182626,0,
1183633,0,
1184640,0,
1185648,0,
1186669,0,
1187676,0,
1188683,0,
1189703,0,
1190711,0,
1191718,0,
1192725,0,
1193733,0,
1194740,0,
1195748,0,
1196768,0,
1197789,0,
1198809,0,
1199817,0,
1200836,0,
1201844,0,
1202851,0,
1203859,0,
1204879,0,
1205886,0,
1206893,0,
1207914,0,
1208934,0,
1209941,0,
1210949,0,
1211956,0,
1212976,0,
1213997,0,
1215004,0,
1216025,0,
1217032,0,
1284049,0,
1285057,0,
1286078,0,
1287085,0,
1288093,0,
1289114,0,
1290122,0,
1291143,0,
1292150,0,
1355920,0,
1356940,0,
1357948,0,
1358956,0,
1359963,0,
1360984,0,
1361992,0,
1362998,0,
1364006,0,
1365014,0,
1366021,0,
1367041,0,
1368061,0,
1369069,0,
1370089,0,
1371109,0,
1372130,0,
1373151,0,
1374158,0,
1375165,0,
1376173,0,
1377181,0,
1378200,0,
1379222,0,
1380230,0,
1381238,0,
1382258,0,
1446192,0,
1447212,0,
1448234,0,
1449254,0,
1450262,0,
1451283,0,
1452291,0,
1453298,0,
1454319,0,
1455339,0,
1456347,0,
1457353,0,
1458374,0,
1459395,0,
1460414,0,
1461422,0,
1462429,0,
1463449,0,
1464468,0,
1465489,0,
1529394,0,
1530415,0,
1531435,0,
1532457,0,
1533479,0,
1534486,0,
1535508,0,
1536529,0,
1537548,0,
1538555,0,
1603493,0,
1604500,0,
1605520,0,
1606539,0,
1607560,0,
1608567,0,
1609587,0,
1610595,0,
1611615,0,
1612622,0,
1613643,0,
1678644,0,
1679664,0,
1680672,0,
1681680,0,
1682700,0,
1683708,0,
1684729,0,
1685749,0,
1686756,0,
1687777,0,
1688796,0,
1754772,0,
1755793,0,
1756800,0,
1757820,0,
1758841,0,
1759862,0,
1760881,0,
1761902,0,
1762923,0,
1827834,0,
1828840,0,
1829862,0,
1830869,0,
1831877,0,
1832883,0,
1833891,0,
1834912,0,
1835919,0,
1899791,0,
1900798,0,
1901805,0,
1902825,0,
1903833,0,
1904856,0,
1905863,0,
1906883,0,
1907904,0,
1908911,0,
1909930,0,
1910938,0,
1911958,0,
1912977,0,
1913985,0,
1914992,0,
1916013,0,
1917020,0,
1918040,0,
1919048,0,
1920069,0,
1921077,0,
1922097,0,
1923118,0,
1924138,0,
1925157,0,
1926178,0,
1927199,0,
1928219,0,
1929241,0,
1930248,0,
1931270,0,
1932277,0,
1933284,0,
1934304,0,
1935311,0,
1936318,0,
1937326,0,
1938346,0,
1939366,0,
1940374,0,
1941394,0,
1942401,0,
1943408,0,
1944416,0,
1945436,0,
1946457,0,
1947464,0,
1948484,0,
1949492,0,
1950513,0,
1951535,0,
1952556,0,
1953563,0,
1954583,0,
1955603,0,
1956610,0,
1957631,0,
1958652,0,
1959659,0,
1960680,0,
1961700,0,
1962708,0,
1963728,0,
1964750,0,
1965756,0,
1966764,0,
1967786,0,
1968793,0,
1969813,0,
1970821,0,
1971828,0,
1972848,0,
1973869,0,
1974889,0,
1975909,0,
1976918,0,
1977926,0,
